{
  "axie": [
    {
      "inputs": [],
      "payable": false,
      "stateMutability": "nonpayable",
      "type": "constructor"
    },
    {
      "constant": false,
      "inputs": [
        {
          "internalType": "uint256",
          "name": "_sireId",
          "type": "uint256"
        },
        {
          "internalType": "uint256",
          "name": "_matronId",
          "type": "uint256"
        }
      ],
      "name": "breedAxies",
      "outputs": [
        {
          "internalType": "uint256",
          "name": "_axieId",
          "type": "uint256"
        }
      ],
      "payable": false,
      "stateMutability": "nonpayable",
      "type": "function"
    },
    {
      "constant": true,
      "inputs": [
        {
          "internalType": "uint256",
          "name": "",
          "type": "uint256"
        }
      ],
      "name": "axie",
      "outputs": [
        {
          "internalType": "uint256",
          "name": "sireId",
          "type": "uint256"
        },
        {
          "internalType": "uint256",
          "name": "matronId",
          "type": "uint256"
        },
        {
          "internalType": "uint256",
          "name": "birthDate",
          "type": "uint256"
        },
        {
          "components": [
            {
              "internalType": "uint256",
              "name": "x",
              "type": "uint256"
            },
            {
              "internalType": "uint256",
              "name": "y",
              "type": "uint256"
            }
          ],
          "internalType": "struct AxieGenetics.Genes",
          "name": "genes",
          "type": "tuple"
        },
        {
          "internalType": "uint8",
          "name": "breedCount",
          "type": "uint8"
        },
        {
          "internalType": "uint16",
          "name": "level",
          "type": "uint16"
        }
      ],
      "payable": false,
      "stateMutability": "view",
      "type": "function"
    },
    {
      "constant": true,
      "inputs": [
        {
          "internalType": "uint256",
          "name": "_tokenId",
          "type": "uint256"
        }
      ],
      "name": "ownerOf",
      "outputs": [
        {
          "internalType": "address",
          "name": "_owner",
          "type": "address"
        }
      ],
      "payable": false,
      "stateMutability": "view",
      "type": "function"
    },
    {
      "constant": true,
      "inputs": [
        {
          "internalType": "uint256",
          "name": "_sireId",
          "type": "uint256"
        },
        {
          "internalType": "uint256",
          "name": "_matronId",
          "type": "uint256"
        }
      ],
      "name": "areAxiesEligibleForPairing",
      "outputs": [
        {
          "internalType": "bool",
          "name": "",
          "type": "bool"
        }
      ],
      "payable": false,
      "stateMutability": "view",
      "type": "function"
    },
    {
      "constant": false,
      "inputs": [
        {
          "internalType": "address",
          "name": "_from",
          "type": "address"
        },
        {
          "internalType": "address",
          "name": "_to",
          "type": "address"
        },
        {
          "internalType": "uint256",
          "name": "_tokenId",
          "type": "uint256"
        }
      ],
      "name": "safeTransferFrom",
      "outputs": [],
      "payable": false,
      "stateMutability": "nonpayable",
      "type": "function"
    }
  ],
  "slp": [
    {
      "constant": false,
      "inputs": [
        {
          "internalType": "address",
          "name": "_owner",
          "type": "address"
        },
        {
          "internalType": "uint256",
          "name": "_amount",
          "type": "uint256"
        },
        {
          "internalType": "uint256",
          "name": "_createdAt",
          "type": "uint256"
        },
        {
          "internalType": "bytes",
          "name": "_signature",
          "type": "bytes"
        }
      ],
      "name": "checkpoint",
      "outputs": [
        {
          "internalType": "uint256",
          "name": "_balance",
          "type": "uint256"
        }
      ],
      "payable": false,
      "stateMutability": "nonpayable",
      "type": "function"
    },
    {
      "constant": false,
      "inputs": [
        {
          "internalType": "address",
          "name": "_to",
          "type": "address"
        },
        {
          "internalType": "uint256",
          "name": "_value",
          "type": "uint256"
        }
      ],
      "name": "transfer",
      "outputs": [
        {
          "internalType": "bool",
          "name": "_success",
          "type": "bool"
        }
      ],
      "payable": false,
      "stateMutability": "nonpayable",
      "type": "function"
    },
    {
      "constant": true,
      "inputs": [
        {
          "internalType": "address",
          "name": "",
          "type": "address"
        }
      ],
      "name": "balanceOf",
      "outputs": [
        {
          "internalType": "uint256",
          "name": "",
          "type": "uint256"
        }
      ],
      "payable": false,
      "stateMutability": "view",
      "type": "function"
    }
  ],
  "axs": [
    {
      "constant": false,
      "inputs": [
        {
          "internalType": "address",
          "name": "_to",
          "type": "address"
        },
        {
          "internalType": "uint256",
          "name": "_value",
          "type": "uint256"
        }
      ],
      "name": "transfer",
      "outputs": [
        {
          "internalType": "bool",
          "name": "_success",
          "type": "bool"
        }
      ],
      "payable": false,
      "stateMutability": "nonpayable",
      "type": "function"
    },
    {
      "constant": true,
      "inputs": [
        {
          "internalType": "address",
          "name": "",
          "type": "address"
        }
      ],
      "name": "balanceOf",
      "outputs": [
        {
          "internalType": "uint256",
          "name": "",
          "type": "uint256"
        }
      ],
      "payable": false,
      "stateMutability": "view",
      "type": "function"
    }
  ],
  "eth": [
    {
      "constant": false,
      "inputs": [
        {
          "internalType": "address",
          "name": "_to",
          "type": "address"
        },
        {
          "internalType": "uint256",
          "name": "_value",
          "type": "uint256"
        }
      ],
      "name": "transfer",
      "outputs": [
        {
          "internalType": "bool",
          "name": "_success",
          "type": "bool"
        }
      ],
      "payable": false,
      "stateMutability": "nonpayable",
      "type": "function"
    },
    {
      "constant": true,
      "inputs": [
        {
          "internalType": "address",
          "name": "",
          "type": "address"
        }
      ],
      "name": "balanceOf",
      "outputs": [
        {
          "internalType": "uint256",
          "name": "",
          "type": "uint256"
        }
      ],
      "payable": false,
      "stateMutability": "view",
      "type": "function"
    }
  ]
}